{"accuracy": [0.7844069004058838, 0.7844069004058838, 0.7844069004058838, 0.7844069004058838, 0.7844069004058838, 0.7844069004058838, 0.7844069004058838, 0.7844069004058838, 0.7844069004058838, 0.7844069004058838], "loss": [0.5372634530067444, 0.5217728018760681, 0.5132054686546326, 0.5077467560768127, 0.5082557797431946, 0.4958575367927551, 0.4944758713245392, 0.4918440878391266, 0.4885720908641815, 0.48348376154899597], "val_accuracy": [0.764804482460022, 0.764804482460022, 0.764804482460022, 0.764804482460022, 0.764804482460022, 0.764804482460022, 0.764804482460022, 0.764804482460022, 0.764804482460022, 0.764804482460022], "val_loss": [0.5455621480941772, 0.5518944263458252, 0.5313389301300049, 0.5366751551628113, 0.5240160226821899, 0.5219812393188477, 0.534525454044342, 0.5263140797615051, 0.5146080851554871, 0.515955924987793]}